{"1": [1.007591675966978, 1.014627631753683, 0.9684697836637497], "2": [0.9711211137473583, 0.9466432556509972, 0.9190246984362602], "4": [0.9151784293353558, 0.9568382427096367, 0.9559790268540382], "8": [0.9470487013459206, 1.0225975029170513, 0.9835550896823406]}